,categories,num_of_categories,num_of_houses,MAE_relevant_houses,MSE_relevant_houses,RMSE_relevant_houses,R2_relevant_houses,MAE_all_houses,MSE_all_houses,RMSE_all_houses,R2_all_houses,MAE_home9,MSE_home9,RMSE_home9,R2_home9,MAE_home114,MSE_home114,RMSE_home114,R2_home114,MAE_home5,MSE_home5,RMSE_home5,R2_home5,MAE_home89,MSE_home89,RMSE_home89,R2_home89,MAE_home17,MSE_home17,RMSE_home17,R2_home17,MAE_home63,MSE_home63,RMSE_home63,R2_home63,MAE_home2,MSE_home2,RMSE_home2,R2_home2,MAE_home101,MSE_home101,RMSE_home101,R2_home101,MAE_home14,MSE_home14,RMSE_home14,R2_home14,MAE_home95,MSE_home95,RMSE_home95,R2_home95,MAE_home111,MSE_home111,RMSE_home111,R2_home111,MAE_home67,MSE_home67,RMSE_home67,R2_home67,MAE_home77,MSE_home77,RMSE_home77,R2_home77,MAE_home43,MSE_home43,RMSE_home43,R2_home43,MAE_home86,MSE_home86,RMSE_home86,R2_home86,MAE_home90,MSE_home90,RMSE_home90,R2_home90,MAE_home47,MSE_home47,RMSE_home47,R2_home47,MAE_home110,MSE_home110,RMSE_home110,R2_home110,MAE_home93,MSE_home93,RMSE_home93,R2_home93,MAE_home53,MSE_home53,RMSE_home53,R2_home53,MAE_home34,MSE_home34,RMSE_home34,R2_home34,MAE_home51,MSE_home51,RMSE_home51,R2_home51,MAE_home106,MSE_home106,RMSE_home106,R2_home106,MAE_home46,MSE_home46,RMSE_home46,R2_home46,MAE_home79,MSE_home79,RMSE_home79,R2_home79,MAE_home55,MSE_home55,RMSE_home55,R2_home55,MAE_home65,MSE_home65,RMSE_home65,R2_home65,MAE_home13,MSE_home13,RMSE_home13,R2_home13
lstm_absorption_houses_1,absorption,1.0,1,0.988679247619664,10.788510669675675,3.2845868339375164,-0.0046378954623351,1.8850606788875883,44.11184298329032,6.014007613933271,-0.0390092704937799,0.988679247619664,10.788510669675675,3.2845868339375164,-0.0046378954623351,0.750829613535886,3.262263970660986,1.806173848404684,-0.1110048588532994,2.431814340640415,63.6741702004721,7.979609652136632,-0.0307754453467732,2.244209543019,63.56388381089344,7.972696144397668,-0.019073915861955,0.727914384698001,1.9527496322420064,1.397408183832486,-0.1814271408600785,2.086778365067801,29.8053432452784,5.459427007047387,-0.0441643676972469,1.263107991242638,19.906842386704053,4.461708460523172,0.001690889179407,2.9109186706330883,68.98474279310342,8.305705436210907,-0.0579755786785449,3.205162024175768,111.41837336800955,10.555490200270642,-0.0418832919035732,1.1599398825855614,19.7221960741251,4.440967920861971,-0.0060752311829006,1.0632083381185828,9.173281910752278,3.0287426286748564,-0.0051555805732399,2.1761618956789994,51.26077516702311,7.159663062394984,-0.0175018899612218,0.7411068186996952,2.3698362752608126,1.5394272555924209,-0.1585715205997055,3.144244082902428,113.907509707007,10.672746118361806,-0.0410854614904474,1.434533948431791,12.94044970879207,3.597283656982317,-0.0166259304787195,1.4071430249326078,23.851975251416484,4.883848405859511,-0.0050084682870554,0.8225936195248272,5.760166173579413,2.4000346192460253,-0.0431871177777036,1.603050620594084,53.65608332366328,7.325031284824884,-0.0058737815275924,2.7878448963715536,73.2661449816133,8.559564532241888,-0.0423930499015843,2.7636434611622414,80.44344049983388,8.969026730913109,-0.0363810344576707,1.392702860220725,34.75287653723453,5.895157040930676,-0.0068214630848695,0.9228203355477604,4.411044516949569,2.1002486797876028,-0.0175315127453379,2.45026941109207,57.02522209009307,7.551504624251585,-0.0393399198619937,3.1013121983761205,97.35246770198206,9.866735412586172,-0.0428227591207945,2.008758821857807,42.61053363535324,6.527674443119328,-0.0199243891823566,1.4947329619284786,27.86231211650241,5.278476306331441,-0.0044317445689836,2.870268224070483,67.07796732178966,8.190113999315862,-0.051216417263036,2.8279494261243974,84.33044046211819,9.183160701094051,-0.043060696276225
lstm_absorption_houses_4,absorption,1.0,4,1.984657767900014,35.10563241157753,5.28865751391627,-0.0980826850275263,2.245553291853361,43.57340454940608,6.008285765626207,-0.0740102081404104,1.4036331844549683,11.20221040700802,3.346970332555701,-0.0431620667953571,1.1733592725804094,3.906359176290811,1.9764511570718888,-0.3303595491709916,2.7545294797049213,62.43941397160514,7.901861424474941,-0.0107868628855152,2.607109134859756,62.87454609140616,7.929347141562548,-0.0080222612582412,1.1555952364710826,2.6230830666411182,1.6195934880830802,-0.5869835418185352,2.3880086611490974,29.07879691879253,5.392475954400959,-0.0187114219165229,1.6471151311673848,20.000216964705825,4.472160212325339,-0.0029917566228774,3.196096515627934,67.34093434765053,8.206152225473918,-0.0327655232242465,3.5287567152152404,109.2693387243036,10.453197535888414,-0.0217874744785284,1.564715860743764,20.024786672860827,4.474906331182903,-0.0215110835308134,1.4521169042178468,9.461796665364064,3.076003359127565,-0.0367693714168355,2.5056394904670003,50.34417919996917,7.095363218325695,0.0006921019511079,1.1646767793711248,3.03793108448117,1.7429661742217404,-0.4851913918133879,3.4835240989970293,112.19766466687132,10.592339905180124,-0.025457915797751,1.7413001832709305,12.737332395195097,3.5689399539912543,-0.0006686544505583,1.781455610024549,23.723885235375388,4.870717117157944,0.000388634027023,1.2653293994479302,6.398928443180924,2.52961033425722,-0.158869296189047,2.014349837544128,53.42852769105935,7.309482039861604,-0.0016078673851953,3.061616026839711,71.71903301399345,8.468709052387705,-0.0203815360861545,3.094766973102132,79.00871679628281,8.888684761891538,-0.0178969862020643,1.7968015419458927,34.74664925682162,5.894628848097361,-0.0066410532828407,1.3541850709640153,4.955174513855716,2.226022127889953,-0.1430504044170335,2.765069553770571,55.906067682404505,7.477036022542924,-0.0189422465208437,3.4638039347329563,95.75280167361198,9.785336053177325,-0.0256874139081659,2.342365713950453,41.94078469709508,6.476170527178471,-0.0038932997197593,1.90418565493633,27.83038801467696,5.275451451267176,-0.0032808859770598,3.180378247056572,65.41845175817124,8.088167391824383,-0.0252092188515182,3.0850079592803894,82.6873282536961,9.093257296134103,-0.0227374801897779
lstm_absorption_houses_14,absorption,1.0,14,3.1334875531680946,42.60326424324644,5.952835881260002,-0.5950109119396886,3.265355634334493,46.50037126600699,6.364139524305765,-0.3903841614560688,2.477348799223541,16.01755264460887,4.002193479157257,-0.3123040111259219,2.256007248176546,7.954176601175741,2.820314982617321,-1.708894476829545,3.772891928812183,65.60356460508135,8.099602743658565,-0.0132014917207006,3.5969841434176257,63.79586878776794,7.987231609748646,-0.0175887559107237,2.2299823665593985,6.653481647647574,2.579434365834412,-3.0254027807550843,3.2145474697039607,30.76846081581209,5.546932559154843,-0.0335872676086059,2.630520191332806,22.753587312119368,4.770072044751459,-0.1324665048170026,4.059909946858213,68.43384093104007,8.272474897576908,-0.0139697610759716,4.506990236327903,108.69993460143114,10.425926078839764,-0.0048851065108019,2.572706039071219,22.934382713145816,4.788985562010582,-0.1661091285763494,2.4801218774235694,13.30290597711337,3.6473148996369056,-0.3340661513804854,3.422871257488115,51.69334575259428,7.189808464249537,-0.0093806465463901,2.268991219189122,7.256568349990537,2.6938018394066288,-2.5476093919860148,4.378953020769119,110.5780286659222,10.515608810997213,-0.010687292312044,2.7024093288065423,18.23668231674445,4.270442871265748,-0.0906848935905642,2.81186182633405,26.356113509068862,5.133820556765581,-0.1105209102619875,2.443620512881164,10.894532846688492,3.300686723499898,-0.973039661946022,3.042748054107121,55.43134757597421,7.445223138091578,-0.0391594248700788,3.850629892724229,71.26289239111121,8.441735152864677,-0.0088232940989914,4.069386939151361,80.03432881865734,8.946190743476095,-0.0085665005731037,2.8422193106239284,37.430887205288585,6.118078718461261,-0.0825779314883177,2.826757168295118,12.403470506004007,3.521856116595908,-1.1251833810597909,3.651643550585803,56.03696793691051,7.485784390223279,-0.021328030478221,4.444164982118988,94.62849226894664,9.727717731767644,-0.0099053369590123,3.2747968082503114,43.24180732658085,6.575850312057053,-0.0251934693964432,2.9096448202316565,29.919455222415163,5.469867934641124,-0.0785914133739831,4.797820292547563,88.0036466702742,9.381025885811969,-0.0168523286058084,3.893428530354624,81.6840714480806,9.03792406739958,-0.0101771769119611
lstm_absorption_houses_28,absorption,1.0,28,3.5456159936210563,46.422104417090345,6.381214792182171,-0.446293991311498,3.5456159936210563,46.422104417090345,6.381214792182171,-0.446293991311498,2.8017405534118054,16.700892183854002,4.086672507536419,-0.3682894190224495,2.5965395795163704,8.880102496054613,2.979950082812565,-2.024230138627676,4.045993844011363,65.39497710683074,8.08671608916937,-0.0099800026803575,3.891794164658833,63.51557116042469,7.969665686866965,-0.0131178125830073,2.567529077186759,7.613596719394241,2.759274672698288,-3.606279092485834,3.443291247665514,30.535228066110285,5.525868987418204,-0.0257524135376023,2.927055567912013,23.161302418119583,4.81261908092876,-0.1527588523365004,4.278595218020267,67.60056296687479,8.221956152089039,-0.001623257551707,4.75049449786168,107.49703344118583,10.368077615507412,0.0062352080042694,2.891034003155499,23.59815008124778,4.857792716990689,-0.199858682548488,2.7851756094496163,13.935792638822535,3.7330674570415328,-0.3975344397754399,3.69811782314641,51.43328329082876,7.171700167382122,-0.0043025845254787,2.6020768421178904,8.165924442484226,2.8576081681161654,-2.992177686363717,4.643130618083803,109.77967747584776,10.47757975277916,-0.0033903327592024,2.9360590452816138,18.33296976461622,4.281701736998529,-0.0964435761739663,3.118549113151083,26.69693341153549,5.166907528835356,-0.1248814353140845,2.7696791268499403,11.652130699743156,3.413521744436844,-1.110243398252781,3.364830220063431,55.82999012105624,7.471946876220162,-0.046632690016803,4.049358406195126,70.118996245784,8.373708631531432,0.007370113700143,4.33344014391887,79.22865937714337,8.901048217886665,0.0015862828792021,3.172530442288456,38.08565442716908,6.171357583803508,-0.101515140771734,3.080486216874534,12.341499161272605,3.513046991042477,-1.1145653470296164,3.905637694670109,55.46522094738244,7.447497629901096,-0.010907387673219,4.714195753967837,93.67479571185748,9.67857405364331,0.0002728157278798,3.548590699572177,43.1029484067498,6.56528357397834,-0.0219013484936054,3.226098500003728,30.12175421336668,5.488328909000141,-0.0858842585462291,5.012994414936858,86.4740116467842,9.299140371388326,0.0008220859713632,4.122229397417981,80.88126505598886,8.99340119509793,-0.0002489659353004
lstm_blr_mod_lvl_houses_1,blr_mod_lvl,1.0,1,1.005528114733241,10.80121793561126,3.28652064280924,-0.005821209943591,1.896308292519316,44.0698242525727,6.011244945476133,-0.0381825287627847,1.005528114733241,10.80121793561126,3.28652064280924,-0.005821209943591,0.7570774693506662,3.249604813704756,1.802666029442158,-0.1066936243812142,2.4348575469534803,63.60998147253919,7.975586591125395,-0.0297363400955794,2.23948108237908,63.53676351281689,7.970995139430013,-0.0186391156782166,0.7470571970709665,1.9678789205660576,1.4028110780023295,-0.1905804657680856,2.0942758952465934,29.73328242170573,5.452823344076511,-0.0416398759085758,1.279253793279304,19.89902168197268,4.460831949532809,0.0020830900435299,2.9208397771315315,68.81864205438029,8.295700214833001,-0.0554281961986877,3.2251111429081245,111.33686193379364,10.551628401995288,-0.0411210711060197,1.1785152095796414,19.71531543826704,4.440193175782675,-0.005724233896134,1.083911731410287,9.171077751566774,3.028378733178328,-0.0049140614607536,2.176031633287555,51.24544039992412,7.158592068271814,-0.0171975021626664,0.7532384162841764,2.3589154134144867,1.535876106140885,-0.153232502184109,3.1658838316074105,113.7542706776769,10.665564714429184,-0.0396848960143187,1.4484929706948328,12.909711734888267,3.59300873014362,-0.0142110977623732,1.4093844139018754,23.810959468164967,4.879647473759244,-0.0032802588173304,0.8419235376171132,5.76869252058007,2.401810259071284,-0.0447312703394067,1.6248536059221608,53.60614504647972,7.321621749754607,-0.0049376042928557,2.796486605765064,73.21946010336816,8.556837038495484,-0.0417288414512828,2.77432369632576,80.39988269047551,8.966598167113073,-0.0358198639353604,1.406252665799356,34.739360215347006,5.894010537430944,-0.0064298833270688,0.9366414633832104,4.398019557507398,2.0971455737519507,-0.0145269394217648,2.452130411665086,56.97187754502047,7.547971750412191,-0.0383676638467118,3.1170374563165497,97.25777460495702,9.861935641898958,-0.041808423079396,2.014129774540233,42.59669830040246,6.526614612523284,-0.0195932270413794,1.509416299478798,27.835993020776108,5.275982659256577,-0.003482945520159,2.876234816120865,66.96929645796435,8.183477039618571,-0.0495133752554703,2.828261631787882,84.2729333781645,9.180029051052315,-0.0423494065129901
lstm_blr_mod_lvl_houses_4,blr_mod_lvl,1.0,4,1.971830648687397,35.09619575276271,5.286046061048488,-0.0950537147963067,2.23453690165667,43.571805474756864,6.006073059821349,-0.0707674578134728,1.3886841123637834,11.170323256645863,3.342203353574684,-0.0401927005303612,1.1600970591970223,3.878460612430277,1.969380768777404,-0.3208583437863714,2.7439604087961778,62.448093674504975,7.902410624265546,-0.0109273723667253,2.5945810143926065,62.88790546746972,7.930189497576317,-0.0082364425017686,1.1409196173077398,2.588728089062818,1.6089524819157397,-0.5661985408821937,2.378881696023497,29.085376785773114,5.393086016908419,-0.0189419330228191,1.6354627244414386,19.99404957172033,4.471470627402168,-0.0026824677619043,3.1884036569487413,67.37373474868474,8.208150507190078,-0.0332685623291422,3.528238053567508,109.25024702500563,10.452284296985306,-0.0216089462707156,1.5524268939969037,19.998065872056188,4.471919707693351,-0.0201479931454378,1.4404543883513856,9.444838163733207,3.0732455423758784,-0.0349111561435833,2.501431972537542,50.35644346522645,7.096227410760344,0.0004486621467422,1.1489867142172026,2.9996869368891583,1.731960431675377,-0.4664944967188906,3.48420899667772,112.2493146003452,10.594777704149587,-0.0259299829596548,1.7346100385209478,12.727568813875576,3.567571837241063,9.839075785400551e-05,1.7735618648232456,23.711989924933143,4.869495859422528,0.0008898456709867,1.2415398680651568,6.34436143237274,2.518801586543239,-0.1489870113702551,2.0011635036865245,53.41655843392561,7.3086632453497,-0.0013834834721444,3.059473704886717,71.78224929946556,8.472440575151033,-0.0212809449008692,3.09128217450678,79.02528313963501,8.889616591261685,-0.0181104162089562,1.791231094921358,34.73920257278993,5.893997164301144,-0.0064253162832232,1.3046966568456138,4.830042835618686,2.1977358430026768,-0.1141852625306523,2.75673716405999,55.93576366048422,7.479021571066915,-0.0194834844914499,3.448087989859204,95.79202987173518,9.787340285886415,-0.0261076195666987,2.3391114727029896,41.93735501609779,6.475905729401702,-0.0038112069835622,1.891906094602404,27.826984372847605,5.275128848933228,-0.0031581852519297,3.1668259807090804,65.50478927225625,8.093502904939013,-0.0265622624194064,3.080068329377488,82.71110637760734,9.09456466124725,-0.0230315854541063
lstm_blr_mod_lvl_houses_14,blr_mod_lvl,1.0,14,2.8009760896970897,41.84731452592728,5.829323011346121,-0.3831773840944051,2.915600241765951,45.72487464350145,6.248812955425568,-0.2361268938481052,2.1006971722951104,14.515571618734114,3.809930657995512,-0.1892480256939754,1.8849543325865687,6.286781961834498,2.5073456007966866,-1.141042346347667,3.465074318958375,65.56465372316335,8.097200363283802,-0.0126005401742026,3.234769965971389,63.12385948547681,7.945052516218934,-0.006869737220744,1.8508748651083928,4.9152337604335,2.2170326475795297,-1.973750691009327,2.943008489802089,30.31070998667867,5.505516323350488,-0.018210306389724,2.290884127360464,21.6139614441474,4.649081785056851,-0.0757463004027021,3.8087289105526994,68.72801327339207,8.290236020367097,-0.0183284505143044,4.202503771223882,109.58174307848076,10.468129874933764,-0.0130370544271525,2.225891237681424,21.65620475867977,4.653622756378064,-0.1011195886663232,2.142939486675292,12.004501308022052,3.464751262070923,-0.2038571787838776,3.130474042370289,51.45732436797789,7.173376078805425,-0.0047720182145321,1.856182402030301,5.304320123431901,2.30311096637394,-1.593189367259482,4.076682133142978,110.79952447252909,10.52613530563469,-0.0127117722176584,2.43479964908098,17.508883620689776,4.1843617937135615,-0.0471572919372429,2.466267172562643,25.231965404833108,5.023142980727615,-0.0631546710949062,1.9504522036406329,8.52540406421105,2.9198294580696063,-0.543981792474687,2.6793198717762405,54.3738272065794,7.3738610786059295,-0.0193343203596099,3.60968524462608,71.70032902541107,8.467604680510957,-0.0150158053986015,3.770403421052146,80.06919669053707,8.94813928649622,-0.0090058941188713,2.495666778735511,36.29502012244937,6.024534846977763,-0.0497263287399931,2.037006315068416,8.062540555228667,2.8394613142687235,-0.3814179820719667,3.3264727102657305,55.48253929964202,7.448660235212908,-0.0112230314215222,4.056035337675933,94.65208568484374,9.728930346386685,-0.0101571333900472,2.983329932142264,42.6727350302026,6.532437143226302,-0.0117016836009633,2.567807312583349,28.95802623794765,5.381266229982275,-0.043932057463019,4.419011524226479,88.96269766096773,9.43200390484269,-0.027933837952716,3.626884040250952,81.93883605151547,9.052007294048954,-0.0133278204011257
lstm_blr_mod_lvl_houses_28,blr_mod_lvl,1.0,28,3.311285807762044,45.58971287347523,6.275995378639203,-0.3046943041141955,3.311285807762044,45.58971287347523,6.275995378639203,-0.3046943041141955,2.4403721111931165,15.231292274099369,3.902728824053673,-0.2478863899760404,2.2559773846617537,7.373375301938463,2.715395975164297,-1.5110953191635297,3.883796256462342,64.87747462250185,8.054655462681309,-0.0019875362305898,3.6056882966902366,63.02188236008041,7.938632272632384,-0.0052431307000584,2.173116704535623,5.80378509436442,2.4091046250348738,-2.5113304424638367,3.275475134404859,30.15524782891737,5.491379410395659,-0.0129879552354426,2.615819751422893,22.069887151875115,4.697859848045184,-0.0984381329302148,4.127643499996539,67.49221058279521,8.215364300065774,-1.7823171541975213e-05,4.837658047126845,107.21551812358956,10.354492654089311,0.0088376985296128,2.60463173886826,22.488876874543323,4.742243864938129,-0.1434571814223164,2.579437215414679,13.250489134918675,3.640122131868473,-0.3288095905166646,3.570101413496883,51.103064936547774,7.148640775458491,0.0021453636793334,2.234338482089436,6.452013864207271,2.5400814680256363,-2.154276770770755,4.569891312353583,110.16151169702373,10.495785425446908,-0.0068803117339182,2.818458348604419,17.983032095994446,4.24064052897607,-0.0755147842898391,2.9605661263644283,25.92490045142572,5.0916500715805,-0.0923516488067244,2.295058405411926,9.48753576868454,3.080184372514824,-0.7182273557912195,3.053754099607376,54.92877085595899,7.411394663351762,-0.0297377283362092,3.999617604154191,70.62613850021322,8.403935893390264,0.0001908244161487,4.192848041840406,78.81391937089694,8.877720392696368,0.0068127011289909,2.9737942849358747,37.49049460520983,6.122948195535368,-0.0843018995939766,2.340051429439137,8.69968973598792,2.9495236456058325,-0.490585722628919,3.700917164032416,54.93350729857519,7.411714194339606,-0.0012163912880027,4.37388075872919,91.74394994605404,9.57830621488236,0.0208794152517398,3.419572339263462,42.25901258198788,6.500693238569859,-0.0018929920065111,2.879921246096347,29.092932523059915,5.393786473624991,-0.0487954067336147,4.874036650764859,86.52771059280131,9.302027230276275,0.0002016128390908,4.059578769376135,81.30373628305405,9.016858448653505,-0.0054736172524638
lstm_insulation_houses_1,insulation,1.0,1,0.9928789186412008,10.822818097781374,3.2898051762652107,-0.007832640633943,1.8879875461925413,44.14850553334095,6.017665082366132,-0.0415908299625208,0.9928789186412008,10.822818097781374,3.2898051762652107,-0.007832640633943,0.732701807740948,3.24071279788287,1.8001979885231707,-0.1036653370102529,2.436957823531242,63.72259963061412,7.982643649231382,-0.0315594346357743,2.253274415699168,63.55900904180797,7.972390422063383,-0.0189957622042087,0.7530228975266716,2.022985049804033,1.422316789538826,-0.2239200581226619,2.088903535053236,29.905058287865533,5.468551754154434,-0.047657663967505,1.264938713212845,19.93830253195349,4.465232640294735,0.0001131929772371,2.9197793928199607,68.9979303510221,8.306499283754986,-0.0581778279536187,3.209494820521802,111.45121621518956,10.557045809088336,-0.0421904083395889,1.1687504920959235,19.77863010973645,4.447317181148255,-0.0089540629930429,1.071042389454571,9.201545074742558,3.033404864956631,-0.0082524958633016,2.174695496206317,51.26444626234471,7.159919431274679,-0.0175747594489501,0.7357159911054502,2.373309934749273,1.540555073585256,-0.1602697319899342,3.1473613058044245,114.03784208676112,10.67885022306995,-0.0422766660569615,1.4352513433899343,13.001083090202716,3.6057014699227,-0.0213894023194844,1.390461627316845,23.85892172251629,4.884559521852128,-0.0053011594460066,0.8274016726841656,5.789505289112742,2.406139083493043,-0.0485005386841892,1.6091374161634902,53.66857736627868,7.325884067215279,-0.0061080034296159,2.785463098990146,73.3672001602869,8.565465554205849,-0.0438308110384975,2.7666748696094285,80.47782478175782,8.970943360748512,-0.0368240192112829,1.3960967860485027,34.79966967873039,5.899124484084938,-0.0081771016356164,0.9253418643826676,4.417246240047949,2.101724587106491,-0.0189621146496383,2.444707014655532,57.0944461007196,7.556086692244842,-0.0406015945213804,3.103240211016958,97.4160141999392,9.869955126541315,-0.0435034581918842,2.0074804406953697,42.638186465621246,6.529792222239636,-0.0205862864554893,1.5074968061317535,27.885367845766822,5.2806597926553485,-0.0052628997965504,2.890354044219855,67.0072336462204,8.185794625216321,-0.0501079101931232,2.825026098672744,84.42047287409078,9.18806143177606,-0.044174283135316
lstm_insulation_houses_4,insulation,1.0,4,2.2045928251971483,36.35467107038245,5.421155973584519,-0.1351551011690329,2.466258090860928,45.11315351997974,6.141764514642497,-0.1013552179416636,1.6138142512090934,12.958258596946246,3.5997581303396267,-0.0616587384654478,1.3417288300312975,4.310211929794098,2.0761049900701307,-0.4678966631012651,3.026270098330917,65.20726678718303,8.075101658009206,-0.0070809471637331,2.836558121217285,62.94294696760643,7.933659115919112,-0.0039840559456856,1.3801398874168809,3.196188786826211,1.7877887981599536,-0.9337164978665142,2.594404730030545,30.228964083512142,5.498087311375852,-0.0154642631216461,1.815586010230292,20.30489376340141,4.506095179132528,-0.0105928245728239,3.479916395014361,69.49551641225528,8.336397088206349,-0.0297003823502042,3.742432929012632,109.90670429686756,10.483639840096927,-0.0160411840041188,1.7660656799226315,20.41317217841336,4.518093865604539,-0.0379170313053029,1.6462183151478085,10.51464219899736,3.242628902448962,-0.0544484247044791,2.703917755048218,50.93774245014541,7.137068197106247,0.0053735029259488,1.3389982183335982,3.4613277422695905,1.860464388874345,-0.6921826151107875,3.6312612271113136,111.64255715263516,10.566104161545784,-0.0204171222502829,2.0147143773753764,16.76939568271191,4.095045260154265,-0.0029305894627178,1.9424604724404264,23.83708944738561,4.882324184994848,-0.004381251507266,1.4334813083623568,6.776686659103908,2.60320699505512,-0.2272826878535274,2.2040953622634296,53.49294563973852,7.31388717712671,-0.0028206250877869,3.205798593314629,71.70656232636253,8.467972740057832,-0.0151040462626552,3.328026119843387,80.3724830232556,8.965070162762565,-0.0128278095366227,1.981019664931046,35.02447233225204,5.918147711256625,-0.0129794840545898,1.5686230534314587,6.557228962514421,2.56070868364881,-0.1235012015543515,2.931072524181033,55.52868838712274,7.451757402594555,-0.0120641432510844,3.62134993412048,95.68897261029656,9.782074044408812,-0.0212231201212274,2.5293562223403487,42.17667561428998,6.49435721332681,5.908462473025456e-05,2.101481057243073,27.874416422614686,5.279622753816288,-0.0048681028028241,4.053885402776352,89.70261749374848,9.47114657756644,-0.0364833609942298,3.222550003425712,82.13967061118231,9.06309387633066,-0.0158115174660851
lstm_insulation_houses_14,insulation,1.0,14,2.729881357417881,42.017382668604384,5.831019267927836,-0.3731373171913831,2.8293304601671063,45.868353313055295,6.250837801295544,-0.2293492469950118,2.013958402025627,14.482879599099386,3.805637870199868,-0.186569597256734,1.6759989489216474,5.637847350684349,2.3744151597149874,-0.9200395358608692,3.400501081716788,65.83657996095936,8.113974362848293,-0.0168002520562151,3.3379361068445914,63.78333022449428,7.986446658213794,-0.0173887570511477,1.8569491446239168,5.343562371854192,2.311614667684516,-2.2328924869590443,2.8834317924018475,30.540195684561027,5.526318456672672,-0.0259192878967795,2.1617358603194448,21.408832945619167,4.626968007844788,-0.0655368705409333,3.801668885730248,69.28608335236221,8.323826244724371,-0.0265972569547758,4.133419818194608,110.21212353775546,10.498196204003593,-0.0188646562309882,2.1888154787177307,21.897272494215343,4.679452157487599,-0.113376787411507,1.975382833155096,11.65216745325476,3.413527127950613,-0.1685237959546484,3.14021738464276,51.98686553865814,7.210191782377091,-0.0151120068813985,1.696587826260389,4.907740709856705,2.2153421202732333,-1.3993086257834508,3.9517354402956335,111.26787613708694,10.548358930994286,-0.016992523840871,2.234940660279742,17.274620068467637,4.156274782598913,-0.0331466449845854,2.2964313931504696,25.05549813844953,5.005546737215579,-0.0557191822005065,1.7910354593077948,8.161769629769596,2.856881101790832,-0.4781262691861554,2.603995909607752,54.48228870663942,7.381211872493528,-0.0213676245268712,3.453952579254368,71.6882689678773,8.466892521337288,-0.0148450788597171,3.689170856530408,80.56335515878781,8.975709173028491,-0.0152331179165705,2.356834171948325,36.140337454705474,6.011683412714402,-0.0452525891365371,1.9608121613943537,8.095122468949373,2.84519287025491,-0.3870004955731945,3.300130500306748,55.81322858859897,7.470825161158503,-0.0172501640916986,3.916519046901785,95.3321925029089,9.763820589446986,-0.0174154494510907,2.865698922520281,42.665896937875885,6.531913727069264,-0.0115395634669921,2.519190428175829,29.14921549090949,5.399001341999231,-0.050824398417794,4.452955983319093,89.41379251995409,9.455886659639807,-0.0331460862530756,3.561245808131688,82.23494877119344,9.068348734537809,-0.0169898111161779
lstm_insulation_houses_28,insulation,1.0,28,3.558623777116626,46.22489788879916,6.336517093682999,-0.4379615564884456,3.558623777116626,46.22489788879916,6.336517093682999,-0.4379615564884456,2.792477388986119,16.65249271181081,4.0807465875512055,-0.3643240928138804,1.7798097932686896,5.583265012220994,2.36289335608296,-0.9014508367900074,4.188445095141736,65.38376593894563,8.08602287524254,-0.0098068539788649,5.460200321556888,69.21050293458994,8.319285001404264,-0.103955960086703,3.3421566073410176,12.707843361191497,3.5648062164992216,-6.688333824686496,3.447491301579187,30.11789470536,5.487977287248918,-0.0117331731666838,2.5650872373468845,21.84905182744652,4.674296934026176,-0.087446960216861,4.692192835206483,67.57447516199731,8.220369527095318,-0.0012367200591658,5.213284676551002,107.46871277364993,10.366711762832509,0.006497020645801,3.323091000913684,25.72319721232269,5.071804137811583,-0.3079076712304669,2.243926196601465,12.05118982754598,3.4714823674542807,-0.2085392816012585,4.545141687450295,54.37546851876556,7.373972370355449,-0.061752625423346,2.061177788483722,5.87350062677122,2.423530611890681,-1.8714517637522656,4.449857882710549,109.0995989420492,10.44507534401017,0.0028256103189848,2.055816050185811,16.986867198099688,4.121512731764842,-0.015936951722034,2.6505731256058653,24.946136571271857,4.994610752728571,-0.0511112073908694,2.1321945310934827,8.847878281326429,2.974538330787893,-0.6023830501767853,3.420894135913183,55.29267502191915,7.435904452177902,-0.0365597606400143,3.563716911096688,69.80008301650858,8.354644397968627,0.011884764785657,4.418109327187207,78.472252473148,8.858456551406007,0.0111182759055953,2.9611367996190365,37.10594801231235,6.091465177796911,-0.073180024421283,2.7371005134929445,10.473944128741676,3.2363473436486503,-0.7945825715291799,4.301713950092395,55.47266258702531,7.44799721985886,-0.0110430187653194,4.157910409371487,93.1890059615896,9.653445289718569,0.005457318298659,3.364562156589629,41.49131456036535,6.441375207233728,0.0163078891983833,3.525223930164108,30.80555353315583,5.550275086259764,-0.1105351109535317,5.945169994774108,87.04615736452924,9.329853019449407,-0.0057888639995082,4.303004110941864,80.695702621716,8.983078682818936,0.0020458625749647
lstm_t_out_houses_1,t_out,1.0,1,1.0654431659177142,10.866884025930418,3.296495719082677,-0.011936107986640021,1.9498482613534114,44.07414778574246,6.0168233009583085,-0.045976711243922,1.0654431659177142,10.866884025930418,3.296495719082677,-0.011936107986640021,0.8144496897851308,3.3376285874128238,1.8269177834300108,-0.13667122311748803,2.497894493187217,63.65582821712258,7.978460266061528,-0.030478520141521193,2.3066155369868073,63.556452002796775,7.972230052049224,-0.018954767041506004,0.8196789559450481,2.091907340355619,1.446342746500849,-0.2656185243896283,2.1424855238350227,29.76259263430852,5.455510300082708,-0.04266669446782845,1.331430015831983,19.90350747539631,4.461334719049481,0.0018581317926419372,2.96549066802118,68.7313665656913,8.290438261376252,-0.054089706963055484,3.260961915891992,111.11737284089514,10.541222549633185,-0.03906860873619444,1.2392721142657628,19.82073408101137,4.452048301738355,-0.01110188479113483,1.1358181843702986,9.236194601566186,3.0391108241665337,-0.01204919213731892,2.2230406115124444,51.096948268669074,7.148212942314259,-0.01425000432041612,0.8130554660540602,2.4831808448369146,1.575811170425224,-0.21398369894145208,3.207047655276584,113.66947695992428,10.661588857197799,-0.038909903153829584,1.4947358775817807,12.94229624809486,3.597540305277324,-0.01677099805976101,1.4652560921555484,23.881252008327046,4.886844790693382,-0.006242051179392583,0.9038387752666589,5.884339706820217,2.425765798015179,-0.06567539786241294,1.682093954689764,53.62807737385484,7.323119374546263,-0.0053487627618604705,2.8343081763552465,73.04170809491937,8.54644417842411,-0.03919987724468821,2.8238000563136745,80.32225170476224,8.96226822321014,-0.034819716741508744,1.4672856212610774,34.85003037505117,5.903391429936793,-0.009636095393952271,0.9884705743820534,4.4527849792186895,2.1101623111075343,-0.027160124642636063,2.4992981936010152,56.99742370197203,7.549663813837808,-0.038833267306804586,3.1680246330366457,97.14482898169884,9.856207636900658,-0.04059856914082993,2.06629016938869,42.58116816780639,6.525424749991864,-0.019221498277330218,1.5714957491100352,27.893362518880174,5.281416715132425,-0.005551106440314646,2.937304200444394,66.95049562497796,8.182328252091697,-0.04921873686550682,2.8708652474276892,84.17604406848768,9.174750354559391,-0.0411510085174458
lstm_t_out_houses_4,t_out,1.0,4,2.146309260208952,36.3571132623654,5.415011450013606,-0.125921387840145,2.416426072675858,45.14610777950141,6.137538299308443,-0.0908722384546678,1.557456818086676,12.841492637538789,3.583502844639416,-0.0520922060311113,1.3135693046762578,4.219832569221839,2.054223105999404,-0.4371168397519409,2.976604339931313,65.3029018211885,8.081021087782688,-0.0085579638425972,2.7376065781415586,63.06422602151248,7.941298761632916,-0.0059185417349307,1.2968293430149254,2.940493590909276,1.714786747939602,-0.7790191217891689,2.5519101918021367,30.25548074379048,5.500498226869134,-0.0163550220909458,1.7788281073943937,20.26230441258046,4.501366949336664,-0.0084731142781229,3.42998326485346,69.73530449084456,8.35076670077931,-0.0332532716437035,3.681416278138503,110.20324374363688,10.497773275492134,-0.0187825662748906,1.6954716769007632,20.259456518097025,4.501050601592591,-0.0301012885865323,1.6116662818954317,10.426603883835432,3.2290252219261824,-0.0456196066639638,2.6315768250937777,51.0514454638165,7.145029423579479,0.0031533018578476,1.299814193654836,3.337005306636132,1.826747192863898,-0.6314035499913415,3.589441014785815,111.76325349011366,10.57181410591927,-0.0215202912612466,2.004859707289488,16.743552949680492,4.091888677576712,-0.001385007978274,1.905291139009665,23.79635274589638,4.878150545636776,-0.0026648012118541,1.395081748522066,6.663464955796066,2.5813688143688545,-0.2067778241422389,2.1459530252173007,53.467713118962514,7.312162000322648,-0.002347596505152,3.186606151646844,71.83724165334209,8.475685320570962,-0.0169539901070581,3.277998830379291,80.55302045447709,8.975133450510755,-0.0151028833445321,1.93123113734026,34.93703908318731,5.910756219231792,-0.0104507353931739,1.5146026000196295,6.434832888372353,2.536697240187002,-0.1025301271645215,2.8703764803286527,55.61228261787125,7.457364321117163,-0.0135877290943757,3.5902415162971426,95.79918325590587,9.787705719723386,-0.0223993231497514,2.4903626389469715,42.28718621535936,6.502859848971017,-0.0025609433879907,2.035521879756601,27.818551001351075,5.274329436179643,-0.0028541636040093,3.985139890684543,90.19958183782528,9.497346041806903,-0.0422256156578559,3.1744890711157616,82.27797035429069,9.07072049808011,-0.0175218539072636
lstm_t_out_houses_14,t_out,1.0,14,3.017104834071186,42.03119037959355,5.878762296126794,-0.479137531301016,3.134822222067407,45.84525612610237,6.284481326920656,-0.295918111133756,2.371851178648003,15.2094146903526,3.899924959579684,-0.2460939787668108,2.1886048231366857,7.229093322322264,2.688697328135368,-1.4619582837058855,3.629585595975928,65.18839243474409,8.073932897587401,-0.0067894458991157,3.3782713709782723,63.16838860353956,7.947854339602579,-0.0075800078183969,2.106643520357677,5.6739716821443205,2.382010008825387,-2.432792423092456,3.14665019598939,30.27913917499644,5.502648378280811,-0.0171497662093633,2.544668791095525,22.13170163417694,4.704434252296119,-0.1015146953095458,3.9664527698054695,68.18082274520383,8.257167961547339,-0.010220844078921,4.30844049391884,108.78745592090011,10.430122526648482,-0.0056942042417287,2.471620311353136,22.192248470022506,4.710864938630963,-0.1283749751718601,2.411853683120809,12.679792306342902,3.560869599738651,-0.2715779357930155,3.3028271049122675,51.321429535639616,7.163897649718316,-0.0021184926643709,2.1304000526032487,6.1537336850824,2.480672022876543,-2.008452806347126,4.281597785101355,110.24108110884222,10.49957528230748,-0.0076075791156291,2.655985768960992,17.79971125926294,4.218970402747919,-0.0645508784745765,2.711143482622237,25.711079820375385,5.070609413115487,-0.0833422672928227,2.2408434849296355,9.425635161511956,3.070119730810504,-0.7070169299043458,2.950200967888019,54.82296449269491,7.404253135373946,-0.027754199441379,3.781144793929802,70.8736297026697,8.418647735988822,-0.0033127506107002,3.9771200244248233,79.71753208747748,8.928467510579711,-0.0045743315217043,2.744732135908993,36.76286696079702,6.063238982655807,-0.0632574176434914,2.305549904032601,8.818600433415504,2.9696128423441843,-0.5109596202312672,3.514781286625798,55.30259962732951,7.436571765762065,-0.0079434565641927,4.30341899631216,94.31963928045248,9.711829862618709,-0.0066091597301662,3.197754493639948,42.79048148355566,6.541443379221107,-0.0144932619943094,2.8400907522965806,29.39085124764809,5.421332977012949,-0.0595353274920302,4.518556353295411,88.2659593526994,9.394996506263288,-0.0198832628004579,3.794232096023801,81.22895530666662,9.01271076350876,-0.0045488098295032
lstm_t_out_houses_28,t_out,1.0,28,3.4536054041192483,46.08359805885862,6.336722154788936,-0.3937661441730072,3.4536054041192483,46.08359805885862,6.336722154788936,-0.3937661441730072,2.721972700301586,16.282258340062437,4.035128045064052,-0.3339911161175073,2.480753767020836,8.26806945171387,2.8754250906107552,-1.8157946189528085,4.050738387003326,65.24098750335355,8.077189331899651,-0.0076017402049672,3.987283770386145,63.50798711565043,7.969189865704696,-0.0129968417610135,2.5467782938621766,7.458142864253173,2.73096006273493,-3.5122284263980736,3.348039686048826,30.179075310988377,5.493548517214386,-0.0137883781826659,2.857760661318357,22.85873821235477,4.781081280668085,-0.1376999596931247,4.250919727386791,67.5276245114765,8.21751936483733,-0.0005425438698791,4.67716691636003,107.83267761200608,10.38425142280396,0.0031323190321559,2.8391381506378104,23.269339441531752,4.823830370310688,-0.1831401559004284,2.644134465597698,13.27076253790582,3.642905782188969,-0.3308426846951131,3.7129903028043247,51.56432438998112,7.180830341261457,-0.0068613345436903,2.4923834129213405,7.5389273569535185,2.74571071982347,-2.685649773706531,4.51392293277258,109.5634493399778,10.467256055909676,-0.0014139995598969,2.782610669440121,17.813272942866774,4.220577323408111,-0.0653619647884957,3.0009264808063785,26.23355428200569,5.121870193787196,-0.1053568490147853,2.578093282763404,10.595611779217316,3.255090133808481,-0.918903965609938,3.286168061176881,55.3275349340513,7.438248109202281,-0.0372132718358892,3.950055599712577,70.17014661649124,8.376762299151817,0.0066460105415496,4.246140785666444,79.21238195074892,8.900133816451802,0.0017914056961255,3.087295626240217,37.563367178281325,6.128896081537142,-0.0864095236795525,2.617636743510898,9.78737845642824,3.1284786169044274,-0.676947917897329,3.8537851364596527,55.16788040067384,7.427508357496062,-0.0054880681394764,4.556453838437448,93.74488858363088,9.682194409514349,-0.0004752376711409,3.4713932919367654,42.848304695721176,6.545861646545944,-0.0158641570413855,3.1744769376537723,29.99026421283589,5.476336751226671,-0.0811440657698905,4.9347701552012415,86.727337654166,9.31275134716728,-0.0021050102371475,4.037161531911336,80.7964579727139,8.988684996856541,0.0007998331566937
lstm_t_r_set_houses_1,t_r_set,1.0,1,1.030474104432029,10.843442960647511,3.292938347532111,-0.0097532503879864,1.924522914497713,44.12785247767415,6.018467081171534,-0.0442239322234466,1.030474104432029,10.843442960647511,3.292938347532111,-0.0097532503879864,0.7764134594178305,3.300067117617761,1.8166086858808532,-0.1238791940777506,2.46665448874072,63.70209213381916,7.98135904052807,-0.0312274534874408,2.2672363738914183,63.66735646283194,7.97918269391245,-0.0207328182806416,0.7698062928950177,2.03109371529038,1.4251644520161102,-0.2288258572704675,2.1285342874230397,29.793815878365624,5.458371174477385,-0.0437605318586558,1.304809576411325,19.9230868858397,4.46352852414317,0.0008762430806773,2.9460315214530963,69.04349622394349,8.309241615451045,-0.0588766430657667,3.241830649943773,111.35461408084326,10.552469572609214,-0.0412870730395391,1.2200965353070523,19.80549191072232,4.450336157047276,-0.0103243461266406,1.1066640485382426,9.2304786219746,3.03817027534248,-0.0114228679012662,2.2007299463036007,51.266424272166375,7.160057560674102,-0.0176140219986506,0.7795669559286714,2.445839301343137,1.563917933058873,-0.1957280712093976,3.1861029923790483,113.95451612249188,10.674948061817062,-0.0415150880873611,1.48139484579368,12.978798642163412,3.6026099764147954,-0.0196386944049293,1.4498557116342743,23.852918102626376,4.883944932390861,-0.0050481955398304,0.889415598726946,5.888404023394199,2.426603392273694,-0.0664114604280827,1.6487992868944683,53.63719069994267,7.3237415779055635,-0.0055196074304408,2.820140005060807,73.15728368545838,8.553203124295505,-0.0408442273377187,2.799543737253563,80.41776015566977,8.967595003994647,-0.036050185584425,1.430294590447524,34.844064666692965,5.9028861302495885,-0.0094632635648628,0.9551035331835908,4.436871272832356,2.1063882056336043,-0.0234891805679484,2.4898483891330074,57.03328861422615,7.552038705821505,-0.0394869400793405,3.1482855028968526,97.2187621633011,9.859957513260444,-0.0413905285667111,2.0423974010805366,42.51068955702688,6.52002220525566,-0.0175345244725586,1.5523214624624275,27.90883915273565,5.282881709137131,-0.0061090365316334,2.897411408578825,67.03757961349498,8.187647990326342,-0.0505834788525549,2.856878899724594,84.29560333741428,9.18126371135337,-0.0426298051845808
lstm_t_r_set_houses_4,t_r_set,1.0,4,2.1400394085331627,36.375178863038606,5.416567391708333,-0.126977221548164,2.4196028921643844,45.13570837451444,6.137597866201743,-0.0918583288001565,1.5531820143610562,12.841584894234323,3.5835157170346448,-0.0520997645411078,1.310372872759763,4.229340570059479,2.056536060967441,-0.440354908535933,2.961033238705876,65.34594639783943,8.08368396202124,-0.0092227574332468,2.735569508305956,63.0838435900212,7.942533826810006,-0.0062314556823681,1.31938519143411,3.021346993431317,1.7382022303032858,-0.8279359939745243,2.574334665700205,30.270533400992218,5.501866356155174,-0.0168606773760944,1.7719941665932846,20.268127272477816,4.502013690836337,-0.0087629232522075,3.4439550740269227,69.6894222018238,8.348019058544596,-0.0325734434621693,3.691058781543056,110.1037875673902,10.493035193278931,-0.017863135820531,1.7192152985510205,20.334674037479488,4.509398411925862,-0.0339257575978473,1.6224895969717468,10.473729574933929,3.236314195954084,-0.0503455507143224,2.627077087541196,51.01526907010754,7.142497397276918,0.0038596935827573,1.2659892242171986,3.272554540280351,1.8090203261103373,-0.5998946971815069,3.6094788529060216,111.7487556556615,10.571128400301523,-0.0213877805154505,2.007758698269144,16.74870220501945,4.092517831973301,-0.0016929705184929,1.8870730943949887,23.748170541132293,4.873209470270316,-0.0006346329218818,1.3938315054066963,6.678287184780076,2.5842382213681607,-0.2094621839102355,2.1555277170348504,53.489360272117246,7.313642066174502,-0.0027534109802869,3.192050921386844,71.80332031167359,8.47368398700787,-0.0164737873185698,3.2940554643862425,80.46439441140414,8.970194781129567,-0.0139860468639718,1.9362085640058304,34.951470687671105,5.911976884906698,-0.0108681269565933,1.5148110211655088,6.451626253658044,2.5400051680376645,-0.1054074654707735,2.885514017833078,55.6193029980972,7.45783500743327,-0.0137156823255006,3.586203709678618,95.76064460735068,9.785736794301728,-0.0219880264470209,2.457257028834765,42.16257549088124,6.493271555301013,0.0003933757963934,2.04709405464096,27.823256703356844,5.274775512129104,-0.0030238033832021,3.991167933998825,90.1561355667342,9.49505848148047,-0.0417236087115535,3.195191675948987,82.24367148579584,9.068829664614714,-0.017097683888142
lstm_t_r_set_houses_14,t_r_set,1.0,14,3.1579011273604047,42.48525200792702,5.931958761228722,-0.5606479494451361,3.256954725938958,46.16160566986349,6.320560438805591,-0.3436969330317526,2.422755615815836,15.581181380848262,3.947300518183061,-0.2765524969914636,2.2127625051008963,7.478659722878292,2.734713828333468,-1.5469512475242344,3.628664819815284,65.29571972984175,8.08057669537526,-0.0084470414299235,3.592144814280473,63.58048250566329,7.973737047687445,-0.0141531939689814,2.465938712242698,7.775516049421016,2.788461233264866,-3.704241415952685,3.403117843344336,31.08465854454379,5.57536174113786,-0.0442091166643647,2.561929086751988,22.25057219355159,4.717051218033528,-0.1074309899603387,4.204607152856492,68.38356886722275,8.26943582520735,-0.0132248905288308,4.548596451506787,108.76124215781384,10.428865813587487,-0.0054518690442983,2.8034437514513875,23.923454546979933,4.891160858832996,-0.2163989361843132,2.543683369492633,13.422273849250526,3.663642156277074,-0.3460368168917942,3.4155298006991663,51.66877798686977,7.188099747977192,-0.0089009285693204,1.889242793649611,5.212377762330124,2.283063240983509,-1.5482403544432533,4.518199066038082,110.3750428137634,10.505952732321015,-0.0088319940781034,2.680258482488823,18.010635797130092,4.243893942728787,-0.0771656843446195,2.6093254187591155,25.397533759109063,5.039596586941167,-0.0701309318185861,2.30903005833196,9.873298178191996,3.1421804814796994,-0.7880903361279181,3.126722887102348,55.42630213984151,7.4448842932473775,-0.0390648391755132,3.8925382793732304,71.19884420225159,8.437940756028784,-0.0079166047590293,4.231926483101788,80.10851338835117,8.950335937178625,-0.009501350317661,2.879534778449506,37.404185543089774,6.115896135734302,-0.0818056647218221,2.3815451200176767,9.242332292363065,3.040120440437034,-0.5835609058331499,3.767097343465208,55.89852642533438,7.476531710983,-0.0188047998046265,4.31291560801769,93.79128089776856,9.68458986729787,-0.0009703511883936,2.9414949847642,41.38411142135351,6.433048377041285,0.0188495026232116,3.0384395399425084,30.16369801665888,5.492148761337303,-0.0873963257191896,4.735004818094853,87.91914456528451,9.37652092011128,-0.0158759354052764,4.078282741336249,81.9130240184713,9.050581418807926,-0.0130086060645946
lstm_t_r_set_houses_28,t_r_set,1.0,28,3.611523529455128,46.42942451044154,6.361827317321665,-0.4389393021486902,3.611523529455128,46.42942451044154,6.361827317321665,-0.4389393021486902,2.5490438207013684,15.889911545941144,3.986215190621442,-0.3018464880896412,2.348345644956111,7.69671706174908,2.774295777625212,-1.6212134056980867,3.553905616680487,65.12419632407551,8.06995640162173,-0.005797981555919,3.885306357377878,63.4914317616878,7.968151088030886,-0.0127327722787431,3.369600656003733,12.373131075337849,3.517546172452872,-6.48583055833953,4.156027713632227,32.970736463134486,5.74201501766884,-0.1075670510779005,2.604840329754201,21.964888309824563,4.686671346470175,-0.0932122461267102,4.799000186084069,68.11611861162751,8.253248973078875,-0.0092621366036356,5.105359797562392,107.66715244695084,10.376278352422457,0.0046625294570851,3.6712083521704657,27.5671092690304,5.250438959651888,-0.4016622190861028,2.9885754331389487,14.947844431884,3.8662442281733833,-0.4990268537555118,3.5888169420741995,51.56296427111352,7.180735635790634,-0.0068347764317748,1.2524878150764829,3.5739992140575367,1.890502370815106,-0.7472657277123842,5.222944983504907,110.27873700686015,10.501368339738406,-0.007951755423222,2.833288001434388,18.090740673931773,4.253321134587861,-0.0819565326750924,2.8119960093588108,25.492264678672765,5.048986500147605,-0.07412244092281,2.5109138675760314,10.38863946460665,3.2231412418022654,-0.8814205240160713,3.608861229062209,56.42029577934303,7.511344472152973,-0.0576990218883233,4.192989593290785,70.28265839824296,8.383475317446992,0.0050532530420511,4.904090923505751,79.7053904849969,8.927787547035205,-0.0044213270084474,3.250227074229136,38.28527542324778,6.187509630153943,-0.1072885888823962,2.6128213525403456,9.819333804275152,3.1335816255963644,-0.6824230769786137,4.386850786622306,56.3521294663081,7.506805543392482,-0.0270721546868157,4.400841963915686,91.94946264634495,9.589028243067435,0.0186861184141682,2.9715097713701755,40.32656495496632,6.350320067127823,0.0439222227048269,3.584676550344468,31.52871734794223,5.615043842032066,-0.1366050468963233,5.159698795812715,86.39481841476409,9.294881301811447,0.0017371369429504,4.798429256963322,81.76265696144624,9.042270564490218,-0.0111490345903515
lstm_blr_mod_lvl_absorption_insulation_t_r_set_t_out_houses_1,blr_mod_lvl_absorption_insulation_t_r_set_t_out,5.0,1,1.0569068248263491,10.913983990947004,3.303631939388376,-0.0163221081658504,1.9563394105170524,44.18254792747683,6.027686003789392,-0.0534311375484145,1.0569068248263491,10.913983990947004,3.303631939388376,-0.0163221081658504,0.7884094356465571,3.3364343476743805,1.8265909086805343,-0.1362645098153285,2.510651072023617,63.79362166290132,7.987090938689838,-0.0327091593472081,2.376289126577311,63.63683657527398,7.97726999513455,-0.0202435149300659,0.8154464843165968,2.1404767214654234,1.4630368148018091,-0.2950033385565371,2.139175171023337,29.88561960536732,5.466774149840774,-0.0469766726616147,1.3174047197602057,19.959274435238044,4.4675803781508,-0.0009385279191973,2.971223449047389,68.82869724680727,8.296306241141732,-0.0555824063558254,3.2964361056302414,111.2169970469739,10.545946948803312,-0.0400002037024878,1.2365259508215634,19.87243692939592,4.457851156038738,-0.013739367703599,1.1154851351236352,9.280720499315535,3.04642749779402,-0.0169280844506924,2.2487292063952657,51.24775611840844,7.158753810434358,-0.0172434680679103,0.820158326075992,2.5772422175643346,1.6053791507193351,-0.2599686594925809,3.212683144224056,113.99727177172096,10.676950490272068,-0.0419058637695148,1.480317116648521,13.090182482717315,3.618035721592217,-0.0283892172299871,1.4695225139664978,23.9684184732844,4.895755148420354,-0.0099148302473663,0.894465723260252,5.931354285509074,2.435437185703847,-0.0741899096591298,1.672490292455558,53.70023416259418,7.328044361396441,-0.0067014634708522,2.82820152086601,73.27356687469982,8.559998065110753,-0.042498644781354,2.82000947842972,80.47281070992943,8.970663894602753,-0.0367594211667803,1.45243034451347,34.88876408713472,5.906671151091341,-0.0107582451713494,1.0581951807737937,4.716348670389258,2.1717156053197337,-0.0879585047884092,2.509444609519764,57.03504683608314,7.552155112024854,-0.0395189853760742,3.162698551002604,97.36169705045155,9.867203101712844,-0.042921622301816,2.092026632168367,42.75165136487633,6.538474697119836,-0.0233021787054505,1.5589058631786206,27.92381625170684,5.284299031253515,-0.00664895847297,2.996943156050325,66.96383554233685,8.183143377843068,-0.0494277941863094,2.876328360151841,84.34624600858469,9.184021233021223,-0.0432561908593449
lstm_blr_mod_lvl_absorption_insulation_t_r_set_t_out_houses_4,blr_mod_lvl_absorption_insulation_t_r_set_t_out,5.0,4,2.017005595474041,35.06001220961477,5.286997419471627,-0.0985532998179826,2.266504212390493,43.54489125624791,6.0100593353239455,-0.080140125774053,1.4211927501551362,11.25263754269999,3.3544951248585813,-0.0478578967414036,1.1590346004016732,3.9092314008962585,1.977177635139609,-0.3313377212383235,2.785334323863661,62.36602181102848,7.897216079798531,-0.0095987698681143,2.702460707475693,62.71215808383434,7.919100838089785,-0.0054188114240891,1.21479812836379,2.8234200622149306,1.6803035625192642,-0.7081888207654148,2.4088363818852203,29.09870480075278,5.394321532941171,-0.0194088505892331,1.6484159891434569,19.9749286858096,4.469332017853406,-0.0017235736168121,3.2326369674766773,67.20120302953649,8.197633989727553,-0.0306225519503822,3.577808347560252,108.92253314821085,10.436595860155304,-0.0185444641531391,1.6117305537353297,20.169470005069066,4.491043309195432,-0.0288917178350804,1.44619682283781,9.495450202692943,3.0814688385075297,-0.0404569328786152,2.5583781548976154,50.19746467576678,7.085016914289392,0.0036043151428467,1.157956166047966,3.121989283235932,1.766915188467158,-0.5262859755054607,3.5062804876316904,112.16495599425096,10.590795814963622,-0.0251589669082874,1.7154822616415444,12.77266080414737,3.573885952873618,-0.0034441203293853,1.7848232345628188,23.751839953938656,4.873585944039426,-0.0007892444752375,1.2545258395350878,6.417848976541001,2.5333473856818376,-0.162295873837647,2.039252535163936,53.42774913916717,7.309428783370638,-0.0015932721168097,3.056334659654893,71.67573636086733,8.466152394143831,-0.0197655335611828,3.122208924519247,78.81720793462631,8.877905605187877,-0.015429710425205,1.8202352766616727,34.79296514454115,5.898556191521884,-0.0079828653710545,1.3303848371053617,4.972032796636117,2.2298055513062383,-0.1469392416105603,2.8046069130468423,55.82055382879784,7.471315401507143,-0.0173836736911838,3.4535975012998987,95.73875730952338,9.784618403878785,-0.0255369731144441,2.3597087210808,41.97744727482422,6.479000484243247,-0.0047708540239483,1.9369387297159748,27.860982039623387,5.2783503142197175,-0.0043837955174557,3.2393206746291057,65.20446350228326,8.07492808031646,-0.0218556889717,3.113637456840651,82.61654138342456,9.089364190273407,-0.021861936296162
lstm_blr_mod_lvl_absorption_insulation_t_r_set_t_out_houses_14,blr_mod_lvl_absorption_insulation_t_r_set_t_out,5.0,14,2.8289930161746306,42.09712176807387,5.853149942935817,-0.4165996209471775,2.926048965876211,45.9062733436546,6.265539600056465,-0.2559759890119489,2.084072621073159,14.66962962323583,3.830095249890769,-0.2018698626087061,1.762861058661927,5.931583928890161,2.4354843314811454,-1.0200752069606227,3.4425609395966164,65.64865729248072,8.102385901231854,-0.013897916959376,3.435358568917594,63.83704529140714,7.989808839478397,-0.0182455499619393,2.0340714164217144,6.146594513483992,2.4792326460991903,-2.718732530884786,3.0244382648051484,30.7967356165905,5.5494806618809385,-0.0345370867839676,2.224395427304279,21.525866539031693,4.639597669952826,-0.0713617377436421,3.9169058434923913,69.10803270495069,8.313124124235767,-0.0239591181340033,4.259266668375857,109.56373779878108,10.467269835003828,-0.0128706032008996,2.354173739461031,22.484227782661225,4.741753661111174,-0.1432207962293341,2.0897251446614744,12.055786463102846,3.472144360924938,-0.2090002497474015,3.212481192628857,51.98553659070807,7.210099624187454,-0.0150860574226945,1.6775795278105865,4.779423268861612,2.186189211587509,-1.3365764723916502,4.088011813234187,110.82684733884876,10.52743308403567,-0.0129615042314621,2.3025716016932534,17.318276427356317,4.161523330146824,-0.035757609540636,2.329174607999031,24.985148096100147,4.998514588965421,-0.0527549669705285,1.894564940692005,8.535956898482766,2.9216359969172694,-0.5458929492775404,2.718003776356154,54.70455383433568,7.396252688648197,-0.025534380565928,3.552760137561052,71.6560401760831,8.464989083045714,-0.0143888364197637,3.8280461820942095,80.38481733953489,8.965758046006757,-0.0129832425663145,2.466860761605813,36.32289597292476,6.026847930131037,-0.0505325554366855,2.077816079696848,8.523903525163728,2.9195724901368227,-0.4604668995396437,3.436272624536209,55.91875777447717,7.47788457884161,-0.0191735357433011,3.9823833967130216,94.8373646424186,9.738447753231446,-0.0121344892962527,2.8225150481774017,42.161641000544165,6.493199596542845,0.0004155310542079,2.638781075450604,29.40702561969723,5.422824505707079,-0.0601184109298644,4.566652677382891,89.05967447332573,9.43714334284087,-0.0290543721714429,3.707065908130577,82.19989308885009,9.066415669317731,-0.0165562816703899
lstm_blr_mod_lvl_absorption_insulation_t_r_set_t_out_houses_28,blr_mod_lvl_absorption_insulation_t_r_set_t_out,5.0,28,3.144108552258984,44.9098767401527,6.180662233839864,-0.2415517503273947,3.144108552258984,44.9098767401527,6.180662233839864,-0.2415517503273947,1.998982085474725,13.843297360785664,3.720658189189873,-0.1341691865693377,1.437078410539713,4.530213639674266,2.128429853125131,-0.5428210011778674,3.772763913489272,64.49362307601815,8.030792182345285,0.0039407843086725,4.909698681350052,65.73584828125911,8.107764690792346,-0.0485327865632569,2.7918486127206443,9.183864988746649,3.03048923257395,-4.556302342376009,3.2394438517644346,29.64598243909426,5.444812433784497,0.004119505092383,2.063181266972596,20.48910459201395,4.526489212625382,-0.0197611631897836,4.4306714981671735,67.06939237502863,8.189590488847939,0.0062469848718905,5.328089343168149,108.80907124649232,10.431158672290069,-0.0058940288215523,2.919398792028811,23.75614804099078,4.8740279072847725,-0.2078921607308657,1.944626723973896,11.132708527685622,3.336571373084296,-0.1164304735763372,3.7782801555393615,52.02664018804665,7.21294947909984,-0.0158886592866802,1.1550332424045326,3.2726475004706663,1.80904601944524,-0.5999401437932101,4.367238812292435,109.40186867093446,10.459534820962856,6.28537612772373e-05,2.001337517971911,16.565979351966654,4.070132596361776,0.0092351715677196,2.2063827724188694,23.872651914822303,4.885964788536887,-0.0058796842597341,1.723197290077964,7.451805851194476,2.729799599090468,-0.3495492376249138,2.844000885701964,53.49356837999761,7.313929749457374,-0.002832299464063,3.509429892075679,70.2965977756998,8.384306636550203,0.0048559221702413,4.1493585894839455,77.98641446677556,8.830991703471108,0.0172406479572614,2.61627822791212,35.974677086839044,5.997889386012304,-0.0404613519587602,1.8593793785732893,7.163577883151208,2.676486107408594,-0.2273916932225603,3.976632407529744,54.36289949506909,7.373120065146714,0.0091834887481005,3.734138390438974,91.23328545784103,9.551611668082044,0.0263293889295999,2.601040832181224,39.87866676948517,6.314955801071387,0.0545411658780787,2.8176316348421846,28.47009825764128,5.335737836292304,-0.0263423344553275,5.72182389896809,86.56150280508062,9.303843442635984,-0.0001888447276834,4.138072355189757,80.77441230147056,8.987458611947572,0.0010724693456664
